<?xml version="1.0" encoding="UTF-8"?>
<project-private xmlns="http://www.netbeans.org/ns/project-private/1">
    <editor-bookmarks xmlns="http://www.netbeans.org/ns/editor-bookmarks/2" lastBookmarkId="0"/>
    <open-files xmlns="http://www.netbeans.org/ns/projectui-open-files/2">
        <group>
            <file>file:/C:/Users/Shiv/Documents/New%20folder/Bank%20Application/src/bank/application/Conn.java</file>
            <file>file:/C:/Users/Shiv/Documents/New%20folder/Bank%20Application/src/bank/application/FrontView.java</file>
            <file>file:/C:/Users/Shiv/Documents/New%20folder/Bank%20Application/src/bank/application/ControllerConnection.java</file>
            <file>file:/C:/Users/Shiv/Documents/New%20folder/Bank%20Application/src/bank/application/CreditView.java</file>
            <file>file:/C:/Users/Shiv/Documents/New%20folder/Bank%20Application/src/bank/application/ATM.java</file>
            <file>file:/C:/Users/Shiv/Documents/New%20folder/Bank%20Application/src/bank/application/BalanceView.java</file>
            <file>file:/C:/Users/Shiv/Documents/New%20folder/Bank%20Application/src/bank/application/statement.java</file>
            <file>file:/C:/Users/Shiv/Documents/New%20folder/Bank%20Application/src/bank/application/WithdrawalView.java</file>
        </group>
    </open-files>
</project-private>
